group_name,group_id,survey_name,survey_id,status_code
ACA - FSC,GR_3CKM2kr25eqcocK,ACA Interest Survey,SV_a9szkYuESa1oOYl,200
Actual Youth Stem - FSC,GR_6KbGK2WwknAtcDs,Actua Youth STEM Landcamp Participant Survey,SV_eQDV2NHs9MP58Lb,200
Actual Youth Stem - FSC,GR_6KbGK2WwknAtcDs,Actua Youth STEM Landcamp Participant Survey,SV_eQDV2NHs9MP58Lb,200
ADaPT - FSC,GR_e8WvV7yfmvsbr9k,FSC_0.0.1_ADaPT_2.0_s01_Intake,SV_43nVQXc8uMcH3JY,401
ADaPT - FSC,GR_e8WvV7yfmvsbr9k,FSC_0.0.1_ADaPT_2.0_s01_Intake,SV_43nVQXc8uMcH3JY,401
ADaPT - FSC,GR_e8WvV7yfmvsbr9k,FSC_0.0.1_ADaPT_2.0_s02_Exit,SV_6fCitYzc8FNwow6,401
ADaPT - FSC,GR_e8WvV7yfmvsbr9k,FSC_0.0.1_ADaPT_2.0_s02_Exit,SV_6fCitYzc8FNwow6,401
ADaPT - FSC,GR_e8WvV7yfmvsbr9k,FSC_0.0.1_ADaPT_2.0_s03_Follow-up_3mon,SV_bKERWKDmfKvtvPU,401
ADaPT - FSC,GR_e8WvV7yfmvsbr9k,FSC_0.0.1_ADaPT_2.0_s03_Follow-up_3mon,SV_bKERWKDmfKvtvPU,401
ADaPT - FSC,GR_e8WvV7yfmvsbr9k,FSC_0.0.1_ADaPT_2.0_s04_Follow-up_9mon,SV_ehfjZMG4XKfazJ4,401
ADaPT - FSC,GR_e8WvV7yfmvsbr9k,FSC_0.0.1_ADaPT_2.0_s04_Follow-up_9mon,SV_ehfjZMG4XKfazJ4,401
ADaPT - FSC,GR_e8WvV7yfmvsbr9k,FSC_0.0.1_ADaPT_s01_Intake,SV_6xSsyujgMQYZT2R,401
ADaPT - FSC,GR_e8WvV7yfmvsbr9k,FSC_0.0.1_ADaPT_s01_Intake,SV_6xSsyujgMQYZT2R,401
ADaPT - FSC,GR_e8WvV7yfmvsbr9k,FSC_0.0.1_ADaPT_s02_Exit,SV_9nrohRYONeMknzL,401
ADaPT - FSC,GR_e8WvV7yfmvsbr9k,FSC_0.0.1_ADaPT_s02_Exit,SV_9nrohRYONeMknzL,401
ADaPT - FSC,GR_e8WvV7yfmvsbr9k,FSC_0.0.1_ADaPT_s03_Follow-up_3mon,SV_eMcIQjWpQLFz2jH,401
ADaPT - FSC,GR_e8WvV7yfmvsbr9k,FSC_0.0.1_ADaPT_s03_Follow-up_3mon,SV_eMcIQjWpQLFz2jH,401
ADaPT - FSC,GR_e8WvV7yfmvsbr9k,FSC_0.0.1_ADaPT_s04_Follow-up_9mon,SV_722ofraQZJvdR41,401
ADaPT - FSC,GR_e8WvV7yfmvsbr9k,FSC_0.0.1_ADaPT_s04_Follow-up_9mon,SV_722ofraQZJvdR41,401
ADaPT - FSC,GR_e8WvV7yfmvsbr9k,FSC_0.0.1_ADaPT_s1.1_Interview_Confidence_pre,SV_bjxfAHg3tMyODpc,401
ADaPT - FSC,GR_e8WvV7yfmvsbr9k,FSC_0.0.1_ADaPT_s1.1_Interview_Confidence_pre,SV_bjxfAHg3tMyODpc,401
ADaPT - FSC,GR_e8WvV7yfmvsbr9k,FSC_0.0.1_ADaPT_s1.2_Interview_Confidence_post,SV_78IpKCJysYymOq2,401
ADaPT - FSC,GR_e8WvV7yfmvsbr9k,FSC_0.0.1_ADaPT_s1.2_Interview_Confidence_post,SV_78IpKCJysYymOq2,401
ADaPT - FSC,GR_e8WvV7yfmvsbr9k,FSC_0.0.2_ADaPT_2.0_s01_Intake,SV_eDUADWYt5HiyCpg,401
ADaPT - FSC,GR_e8WvV7yfmvsbr9k,FSC_0.0.2_ADaPT_2.0_s01_Intake,SV_eDUADWYt5HiyCpg,401
ADaPT - FSC,GR_e8WvV7yfmvsbr9k,FSC_0.0.2_ADaPT_2.0_s01_Intake_RCT,SV_e5qC1lQvNYShLhA,401
ADaPT - FSC,GR_e8WvV7yfmvsbr9k,FSC_0.0.2_ADaPT_2.0_s01_Intake_RCT,SV_e5qC1lQvNYShLhA,401
ADaPT - FSC,GR_e8WvV7yfmvsbr9k,FSC_0.0.2_ADaPT_2.0_s02_Exit,SV_2aFbtmwjhfb58j4,401
ADaPT - FSC,GR_e8WvV7yfmvsbr9k,FSC_0.0.2_ADaPT_2.0_s02_Exit,SV_2aFbtmwjhfb58j4,401
ADaPT - FSC,GR_e8WvV7yfmvsbr9k,FSC_0.0.2_ADaPT_2.0_s02_Exit_RCT,SV_5v9nNcrXPvCSWhg,401
ADaPT - FSC,GR_e8WvV7yfmvsbr9k,FSC_0.0.2_ADaPT_2.0_s02_Exit_RCT,SV_5v9nNcrXPvCSWhg,401
ADaPT - FSC,GR_e8WvV7yfmvsbr9k,ADaPT 1 Partner Interview Consent Form,SV_9HSFNOoX5b4YDMq,401
ADaPT - FSC,GR_e8WvV7yfmvsbr9k,ADaPT 1 Partner Interview Consent Form,SV_9HSFNOoX5b4YDMq,401
ADaPT - FSC,GR_e8WvV7yfmvsbr9k,ADaPT Interview Scheduling,SV_d9XOxQC4LaapWMl,401
ADaPT - FSC,GR_e8WvV7yfmvsbr9k,ADaPT Interview Scheduling,SV_d9XOxQC4LaapWMl,401
ADaPT - FSC,GR_e8WvV7yfmvsbr9k,ADaPT 2.0 - Interview Invitation,SV_3Vs3vBuAiq0QlxA,404
ADaPT - FSC,GR_e8WvV7yfmvsbr9k,ADaPT 2.0 - Interview Invitation,SV_3Vs3vBuAiq0QlxA,404
BE EPIC - FSC,GR_2n9wx89HNxHeKvs,FSC_0.0.1_Be-EPIC_s01_Contact,SV_6Frvyr4BXAWodW5,200
BE EPIC - FSC,GR_2n9wx89HNxHeKvs,FSC_0.0.1_Be-EPIC_s01_Contact,SV_6Frvyr4BXAWodW5,200
Career Moves - FSC,GR_6AnBu3PGEk8MlyC,Career Moves Baseline Test,SV_8IAnNigvdGn7agR,200
Career Moves - FSC,GR_6AnBu3PGEk8MlyC,Career Moves Baseline Test,SV_8IAnNigvdGn7agR,200
Career Moves - FSC,GR_6AnBu3PGEk8MlyC,FSC_0.0.1_Career-Moves_s01_Baseline,SV_0lewRqotFOtb2AJ,200
Career Moves - FSC,GR_6AnBu3PGEk8MlyC,FSC_0.0.1_Career-Moves_s01_Baseline,SV_0lewRqotFOtb2AJ,200
Career Moves - FSC,GR_6AnBu3PGEk8MlyC,FSC_0.0.1_Career-Moves_s02.1_Early-Exit,SV_1Hx3xYxRReteaXz,200
Career Moves - FSC,GR_6AnBu3PGEk8MlyC,FSC_0.0.1_Career-Moves_s02.1_Early-Exit,SV_1Hx3xYxRReteaXz,200
Career Moves - FSC,GR_6AnBu3PGEk8MlyC,FSC_0.0.1_Career-Moves_s02_Exit,SV_6Dvd66VGNEmTxat,200
Career Moves - FSC,GR_6AnBu3PGEk8MlyC,FSC_0.0.1_Career-Moves_s02_Exit,SV_6Dvd66VGNEmTxat,200
Career Moves - FSC,GR_6AnBu3PGEk8MlyC,FSC_0.0.1_Career-Moves_s03.1_Follow-up_3-Month_EE,SV_djmjhCutGhahb7v,200
Career Moves - FSC,GR_6AnBu3PGEk8MlyC,FSC_0.0.1_Career-Moves_s03.1_Follow-up_3-Month_EE,SV_djmjhCutGhahb7v,200
Career Moves - FSC,GR_6AnBu3PGEk8MlyC,FSC_0.0.1_Career-Moves_s03_Follow-up_3-Month,SV_b9QtiNXvSN8I1ZH,200
Career Moves - FSC,GR_6AnBu3PGEk8MlyC,FSC_0.0.1_Career-Moves_s03_Follow-up_3-Month,SV_b9QtiNXvSN8I1ZH,200
Career Moves - FSC,GR_6AnBu3PGEk8MlyC,FSC_0.0.1_Career-Moves_s04.1_Follow-up_9-Month_EE,SV_1XfUH2UssWOXZoF,200
Career Moves - FSC,GR_6AnBu3PGEk8MlyC,FSC_0.0.1_Career-Moves_s04.1_Follow-up_9-Month_EE,SV_1XfUH2UssWOXZoF,200
Career Moves - FSC,GR_6AnBu3PGEk8MlyC,FSC_0.0.1_Career-Moves_s04_Follow-up_9-Month,SV_39ptksJ0J216eEJ,200
Career Moves - FSC,GR_6AnBu3PGEk8MlyC,FSC_0.0.1_Career-Moves_s04_Follow-up_9-Month,SV_39ptksJ0J216eEJ,200
CCDF - FSC,GR_88RNCZaDOoFD5vE,CCDF_facilitator_worksheet_demo,SV_1MklRZeh2TnbGW9,404
CCDF - FSC,GR_88RNCZaDOoFD5vE,CCDF_facilitator_worksheet_demo,SV_1MklRZeh2TnbGW9,404
EDGE UP,GR_2hFe1cqhrDJ2Ry6,FSC_0.0.1_EDGE_UP_2.0_s01_Baseline,SV_4OSSsaRVlPhZygC,401
EDGE UP,GR_2hFe1cqhrDJ2Ry6,FSC_0.0.1_EDGE_UP_2.0_s01_Baseline,SV_4OSSsaRVlPhZygC,401
FAST,GR_78TvHpMyJbgWaoK,FAST 1.0 - Interview Invitation,SV_cUZOfM3jtySg7KR,401
FAST,GR_78TvHpMyJbgWaoK,FAST 1.0 - Interview Invitation,SV_cUZOfM3jtySg7KR,401
FAST,GR_78TvHpMyJbgWaoK,FAST 1.0 - Interview Invitation 2,SV_1ML0wMj2WgJNXhz,401
FAST,GR_78TvHpMyJbgWaoK,FAST 1.0 - Interview Invitation 2,SV_1ML0wMj2WgJNXhz,401
FAST,GR_78TvHpMyJbgWaoK,FAST 2.0 - Interview Invitation,SV_eDm6ZZLGY8OmI86,404
FAST,GR_78TvHpMyJbgWaoK,FAST 2.0 - Interview Invitation,SV_eDm6ZZLGY8OmI86,404
FAST,GR_78TvHpMyJbgWaoK,FSC_0.0.1_FAST_2.0_s01_Exit,SV_0DIEg5VLVv8ZBcy,401
FAST,GR_78TvHpMyJbgWaoK,FSC_0.0.1_FAST_2.0_s01_Exit,SV_0DIEg5VLVv8ZBcy,401
FAST,GR_78TvHpMyJbgWaoK,FSC_0.0.1_FAST_2.0_s02_Follow-Up,SV_bw8l9TugUDjg8xE,401
FAST,GR_78TvHpMyJbgWaoK,FSC_0.0.1_FAST_2.0_s02_Follow-Up,SV_bw8l9TugUDjg8xE,401
FAST,GR_78TvHpMyJbgWaoK,FSC_0.0.1_FAST_2.0_s03_Follow-Up-9mon,SV_eQVcksQbpDYNy2a,401
FAST,GR_78TvHpMyJbgWaoK,FSC_0.0.1_FAST_2.0_s03_Follow-Up-9mon,SV_eQVcksQbpDYNy2a,401
FAST,GR_78TvHpMyJbgWaoK,FSC_0.0.1_FAST_s01_Exit,SV_87FQXCQVjasPB8F,401
FAST,GR_78TvHpMyJbgWaoK,FSC_0.0.1_FAST_s01_Exit,SV_87FQXCQVjasPB8F,401
FAST,GR_78TvHpMyJbgWaoK,FSC_0.0.1_FAST_s02_Follow-Up,SV_3OyVwUbFs4xOlRH,401
FAST,GR_78TvHpMyJbgWaoK,FSC_0.0.1_FAST_s02_Follow-Up,SV_3OyVwUbFs4xOlRH,401
FAST,GR_78TvHpMyJbgWaoK,FSC_0.01_FAST_s03_Interview_Exit,SV_eCLiChYXtA76zfT,401
FAST,GR_78TvHpMyJbgWaoK,FSC_0.01_FAST_s03_Interview_Exit,SV_eCLiChYXtA76zfT,401
FAST,GR_78TvHpMyJbgWaoK,FSC_0.0.2_FAST_2.0_s01_Exit_CoF,SV_cZRtog06ZpOxPp4,401
FAST,GR_78TvHpMyJbgWaoK,FSC_0.0.2_FAST_2.0_s01_Exit_CoF,SV_cZRtog06ZpOxPp4,401
FAST,GR_78TvHpMyJbgWaoK,FSC_0.0.2_FAST_2.0_s02_Follow-Up_CoF,SV_24X0jLiWAwf7R2u,401
FAST,GR_78TvHpMyJbgWaoK,FSC_0.0.2_FAST_2.0_s02_Follow-Up_CoF,SV_24X0jLiWAwf7R2u,401
Flagship - FSC,GR_00uKuoRmyAKEZYq,FSC_Flagship_s01_Baseline,SV_0HEqG6Mzu51uNnf,200
Flagship - FSC,GR_00uKuoRmyAKEZYq,FSC_Flagship_s01_Baseline,SV_0HEqG6Mzu51uNnf,200
Flagship - FSC,GR_00uKuoRmyAKEZYq,FSC_Flagship_s01_Baseline_v02,SV_9v1cQLYEdhzjpIN,200
Flagship - FSC,GR_00uKuoRmyAKEZYq,FSC_Flagship_s01_Baseline_v02,SV_9v1cQLYEdhzjpIN,200
Flagship - FSC,GR_00uKuoRmyAKEZYq,FSC_Flagship_s01_Panel_Baseline,SV_56AFjOcM8EsYWBT,200
Flagship - FSC,GR_00uKuoRmyAKEZYq,FSC_Flagship_s01_Panel_Baseline,SV_56AFjOcM8EsYWBT,200
Flagship - FSC,GR_00uKuoRmyAKEZYq,FSC_Flagship_s02_Follow-up-01,SV_6gx1vinyFwmPyXr,200
Flagship - FSC,GR_00uKuoRmyAKEZYq,FSC_Flagship_s02_Follow-up-01,SV_6gx1vinyFwmPyXr,200
Indigenous ICT,GR_4TM3LBRKWmOEMMS,FSC_I-ICT_s01_Mid-Training Survey Phase 1,SV_295piEIOEjjrQtn,200
Indigenous ICT,GR_4TM3LBRKWmOEMMS,FSC_I-ICT_s01_Mid-Training Survey Phase 1,SV_295piEIOEjjrQtn,200
Indigenous ICT,GR_4TM3LBRKWmOEMMS,FSC_I-ICT_s03_Mid-Training Survey Phase 2,SV_3f0ZjMXkqYKSES1,200
Indigenous ICT,GR_4TM3LBRKWmOEMMS,FSC_I-ICT_s03_Mid-Training Survey Phase 2,SV_3f0ZjMXkqYKSES1,200
Indigenous ICT,GR_4TM3LBRKWmOEMMS,FSC_0.0.1_I-ICT_s02_DemoEmployment,SV_eEi1hkLiYXApryB,200
Indigenous ICT,GR_4TM3LBRKWmOEMMS,FSC_0.0.1_I-ICT_s02_DemoEmployment,SV_eEi1hkLiYXApryB,200
Indigenous ICT,GR_4TM3LBRKWmOEMMS,FSC_0.0.1_I-ICT_s03_DemoEmploymentConsent,SV_e2wiK6syuPwHTCd,200
Indigenous ICT,GR_4TM3LBRKWmOEMMS,FSC_0.0.1_I-ICT_s03_DemoEmploymentConsent,SV_e2wiK6syuPwHTCd,200
Mohawk,GR_25DAxdhZhcAysm2,FSC_0.0.1_Mohawk_s01_Intake,SV_0lEHvipVlZpcNRs,401
Mohawk,GR_25DAxdhZhcAysm2,FSC_0.0.1_Mohawk_s01_Intake,SV_0lEHvipVlZpcNRs,401
Mohawk,GR_25DAxdhZhcAysm2,FSC_0.0.2_Mohawk_s01_Intake_Survey_COF,SV_5zlKvWMsqvkxJTU,401
Mohawk,GR_25DAxdhZhcAysm2,FSC_0.0.2_Mohawk_s01_Intake_Survey_COF,SV_5zlKvWMsqvkxJTU,401
Mohawk,GR_25DAxdhZhcAysm2,FSC_0.0.2_Mohawk_s02_Exit_Survey_COF,SV_1G1xtdbMiVtxxXM,401
Mohawk,GR_25DAxdhZhcAysm2,FSC_0.0.2_Mohawk_s02_Exit_Survey_COF,SV_1G1xtdbMiVtxxXM,401
Mohawk,GR_25DAxdhZhcAysm2,FSC_0.0.2_Mohawk_s03_follow-up_3mon_COF,SV_3QPviuVSNtHGXC6,401
Mohawk,GR_25DAxdhZhcAysm2,FSC_0.0.2_Mohawk_s03_follow-up_3mon_COF,SV_3QPviuVSNtHGXC6,401
Mohawk,GR_25DAxdhZhcAysm2,FSC_0.01_Mohawk_s01_Exit,SV_bjRdpeqe79XBtqu,401
Mohawk,GR_25DAxdhZhcAysm2,FSC_0.01_Mohawk_s01_Exit,SV_bjRdpeqe79XBtqu,401
Pier Labs,GR_eh3YhgzffQ4kQJw,FSC_0.0.2_Pier_Labs_2.0_s01_Intake,SV_88QprUlFFbzrrsW,401
Pier Labs,GR_eh3YhgzffQ4kQJw,FSC_0.0.2_Pier_Labs_2.0_s01_Intake,SV_88QprUlFFbzrrsW,401
Pier Labs,GR_eh3YhgzffQ4kQJw,FSC_0.0.2_Pier_Labs_2.0_s01_Intake_Contact_info_box,SV_9G1g1iVUoHtZSvQ,404
Pier Labs,GR_eh3YhgzffQ4kQJw,FSC_0.0.2_Pier_Labs_2.0_s01_Intake_Contact_info_box,SV_9G1g1iVUoHtZSvQ,404
Pier Labs,GR_eh3YhgzffQ4kQJw,FSC_0.0.2_Pier_Labs_2.0_s02_Exit,SV_0qWS3SdhzEAfweG,401
Pier Labs,GR_eh3YhgzffQ4kQJw,FSC_0.0.2_Pier_Labs_2.0_s02_Exit,SV_0qWS3SdhzEAfweG,401
Pier Labs,GR_eh3YhgzffQ4kQJw,FSC_0.0.2_Pier_Labs_2.0_s03_3-month-follow-up,SV_bxPSx1xBlnrljsq,401
Pier Labs,GR_eh3YhgzffQ4kQJw,FSC_0.0.2_Pier_Labs_2.0_s03_3-month-follow-up,SV_bxPSx1xBlnrljsq,401
Pier Labs,GR_eh3YhgzffQ4kQJw,FSC_0.0.2_Pier_Labs_2.0_s03_9-month-follow-up,SV_a3pk1mKTG2LiCdU,401
Pier Labs,GR_eh3YhgzffQ4kQJw,FSC_0.0.2_Pier_Labs_2.0_s03_9-month-follow-up,SV_a3pk1mKTG2LiCdU,401
Pier Labs,GR_eh3YhgzffQ4kQJw,Pier Labs - Advancement Coach Monthly Worksheet,SV_6MwkpenmNfLMwjI,401
Pier Labs,GR_eh3YhgzffQ4kQJw,Pier Labs - Advancement Coach Monthly Worksheet,SV_6MwkpenmNfLMwjI,401
Pier Labs,GR_eh3YhgzffQ4kQJw,Pier Labs - Case Manager Monthly Worksheet,SV_cXScPAkSYT6E5bo,401
Pier Labs,GR_eh3YhgzffQ4kQJw,Pier Labs - Case Manager Monthly Worksheet,SV_cXScPAkSYT6E5bo,401
Pier Labs,GR_eh3YhgzffQ4kQJw,Pier Labs - Pier labs Team Monthly Worksheet,SV_aWxGAHfVoaY0Hqu,404
Pier Labs,GR_eh3YhgzffQ4kQJw,Pier Labs - Pier labs Team Monthly Worksheet,SV_aWxGAHfVoaY0Hqu,404
Pier Labs,GR_eh3YhgzffQ4kQJw,Pier Labs - Technical Assistance Team Monthly Worksheet,SV_8v0XOZV9jFnnvMy,404
Pier Labs,GR_eh3YhgzffQ4kQJw,Pier Labs - Technical Assistance Team Monthly Worksheet,SV_8v0XOZV9jFnnvMy,404
Pier Labs,GR_eh3YhgzffQ4kQJw,Pier Labs - Technical Assistance Team Monthly Worksheet (Chris),SV_8Id8KwzJaOUnsh0,404
Pier Labs,GR_eh3YhgzffQ4kQJw,Pier Labs - Technical Assistance Team Monthly Worksheet (Chris),SV_8Id8KwzJaOUnsh0,404
Responsive Career Pathways (RCP),GR_aY6iRFMkcSkVE3A,Full Service Career Hubs Working Group - User Group Personas Survey,SV_af8SxdkmGBJPPOC,404
Responsive Career Pathways (RCP),GR_aY6iRFMkcSkVE3A,Full Service Career Hubs Working Group - User Group Personas Survey,SV_af8SxdkmGBJPPOC,404
Truckers - FSC,GR_9GfHqYUYCFJ0Hum,FSC_s1_Truckers_Intake,SV_8JwiI2QG83wLYFg,200
Truckers - FSC,GR_9GfHqYUYCFJ0Hum,FSC_s1_Truckers_Intake,SV_8JwiI2QG83wLYFg,200
UCFW,GR_6YIQwpg5B8NHrX8,FSC_0.0.1_UFCW-Digital-Skills_s00_Consent_Intake,SV_80qj7uDcCaqk72t,200
UCFW,GR_6YIQwpg5B8NHrX8,FSC_0.0.1_UFCW-Digital-Skills_s00_Consent_Intake,SV_80qj7uDcCaqk72t,200
WBL - FSC,GR_aW2XclgsTZIUuQ6,WBL_consent,SV_0JMy0KTecLQ5zOl,200
WBL - FSC,GR_aW2XclgsTZIUuQ6,WBL_consent,SV_0JMy0KTecLQ5zOl,200
APPE,GR_2fbeyQd7nmf3kJn,Principal Opinion Survey,SV_3IVb5swYDoFD9GZ,200
APPE,GR_2fbeyQd7nmf3kJn,Teacher Opinion Survey,SV_6XS8KJExrPK6Pyd,200
APPE,GR_2fbeyQd7nmf3kJn,Sondage d'opinion auprès des enseignants,SV_b437yXXBpLpyg05,200
APPE,GR_2fbeyQd7nmf3kJn,Sondage d’opinion auprès des directeurs d’école,SV_1SlD8Et5fepKbEF,200
BHER,GR_9pk1Yl3eZZKfJD8,BHER_HostOrganization,SV_807zEEcZnGn4YIK,200
Canada Learning Code,GR_eEgCLjW3BVlh4nI,CLC_Annual-Survey,SV_bKJEnXmHGvoIIAZ,200
Canada Learning Code,GR_eEgCLjW3BVlh4nI,Canada Learning Code - Annual Survey - 2019,SV_ehacCOOjZfHoVSt,401
Canada Learning Code,GR_eEgCLjW3BVlh4nI,Canada Learning Code- Annual Survey 2020,SV_egkNxDWDPOO0fQi,401
Canada Learning Code,GR_eEgCLjW3BVlh4nI,Canada Learning Code- Annual Survey 2021,SV_3gep0YrfO7VQoQu,404
CHP (City of Toronto),GR_3W8tvM9o4pCjsWi,Peer Mentor - Post-Focus group follow up,SV_3lVqiB55TIX3uK1,404
CHP (City of Toronto),GR_3W8tvM9o4pCjsWi,Parent and Caregiver End of Training Survey,SV_elAWiXQ3Mhkgn65,404
CVWRP (City of Toronto),GR_enuhXLfZDNcC6yO,Next Generation Arts - H.E.A.L. Post-Survey,SV_1AC680luzmWWHY2,404
CVWRP (City of Toronto),GR_enuhXLfZDNcC6yO,Next Generation Arts - H.E.A.L. Pre-Survey,SV_6fbXmPbgW5nstBI,404
CVWRP (City of Toronto),GR_enuhXLfZDNcC6yO,CVWRP Client Experience Survey- SCHC,SV_bDZFjrOkE3pdTi6,404
CVWRP (City of Toronto),GR_enuhXLfZDNcC6yO,CVWRP Client Experience Survey- Unison,SV_3ELmQwXX2vdoaYC,404
CVWRP (City of Toronto),GR_enuhXLfZDNcC6yO,CDO Survey on Immediate Resource use,SV_cJ708khwFc9gp7M,404
CVWRP (City of Toronto),GR_enuhXLfZDNcC6yO,Community Safety Symposium Survey,SV_1FiCxWxuEfJOje6,404
CVWRP (City of Toronto),GR_enuhXLfZDNcC6yO,LifeStabilization Fund Feedback,SV_cT6C2N1j7uRfToi,404
CVWRP (City of Toronto),GR_enuhXLfZDNcC6yO,Toolkit group member reflection survey,SV_7Wp5M7b4hus2jr0,404
CN and netWORKS,GR_0BUSdU4fs2E6az4,"CN, Exit Survey",SV_9sksHfLI87haV7v,200
Construction Connections,GR_9zqvMrm1i7d79qe,"Construction Connections, Baseline Survey",SV_0wega5sOMLFbq3r,200
Construction Connections,GR_9zqvMrm1i7d79qe,"Construction Connections, Symposium Survey",SV_bmBksygt00KR0gd,200
Construction Connections,GR_9zqvMrm1i7d79qe,Pathway employer,SV_3fSrc5Ljw4tIvM9,200
Habitat for Humanity,GR_agxfeuwpZTosQke,"Baseline Survey, Pinery Trail",SV_aXWL5FknEnQWaTb,200
IRCC - Creative LINC,GR_eWggPOfPGKNlplk,Recruitment challenges,SV_3OezVIXH6xN5wz3,404
IRCC - Creative LINC,GR_eWggPOfPGKNlplk,1.0 Linc Engage Phase II - Baseline,SV_e8rIRQReQ9ZFytw,404
IRCC - Creative LINC,GR_eWggPOfPGKNlplk,1.0_LINC Co-design_LINC_Instructors_Pre-FG,SV_0GqpeVziawvGu2i,404
IRCC - Creative LINC,GR_eWggPOfPGKNlplk,1.1_Cohort_1_LINC Co-design_Participants_Baseline,SV_6zzVDpauIu3tiyq,404
IRCC - Creative LINC,GR_eWggPOfPGKNlplk,1.2_Cohort_1_LINC_Co-design_Participants_Exit,SV_aaul0SmEqCJhnbo,404
IRCC - Creative LINC,GR_eWggPOfPGKNlplk,1.3_Cohort_1_LINC_Co-design_Participants_3-month-follow-up,SV_4ViYLUFVgY3t8nI,404
IRCC - Creative LINC,GR_eWggPOfPGKNlplk,1.4_Cohort_1_LINC_Co-design_Participants_6-month-follow-up,SV_3OhBPqaIF2BJ3WC,404
IRCC - Creative LINC,GR_eWggPOfPGKNlplk,2.0 Linc Engage Phase II - Exit,SV_9AITztFC4crF4pg,404
IRCC - Creative LINC,GR_eWggPOfPGKNlplk,3.0 Linc Engage Phase II - Follow-up,SV_afshoFYv9FgCkdM,404
IRCC - Creative LINC,GR_eWggPOfPGKNlplk,LINC Engage Entry Interview,SV_aaUM3OZbh6OYbyd,401
IRCC - Creative LINC,GR_eWggPOfPGKNlplk,Linc Engage Entry Interview REVISED,SV_9SOspaaveIXcmDH,404
IRCC - Creative LINC,GR_eWggPOfPGKNlplk,Linc Engage Feedback Survey,SV_9sG3Udl41rk1hOZ,401
IRCC - Creative LINC,GR_eWggPOfPGKNlplk,Linc Engage Feedback Survey - V2,SV_5jBVoxtk28Z8BWl,404
IRCC - Creative LINC,GR_eWggPOfPGKNlplk,LINC Engage Follow-up Survey (fifth reunion),SV_0Sxrc0OWuzT3LbE,404
IRCC - Creative LINC,GR_eWggPOfPGKNlplk,Linc Engage Follow-up Survey (first reunion),SV_9uI2lioIlS2uwzr,401
IRCC - Creative LINC,GR_eWggPOfPGKNlplk,LINC Engage Follow-up Survey (fourth reunion),SV_1U30RLIOMIku5Br,404
IRCC - Creative LINC,GR_eWggPOfPGKNlplk,LINC Engage Follow-up Survey (second reunion),SV_2fNxntSNXK57isJ,401
IRCC - Creative LINC,GR_eWggPOfPGKNlplk,LINC Engage Follow-up Survey (third reunion),SV_6VEvBdNkjZ2AoT3,404
IRCC - Creative LINC,GR_eWggPOfPGKNlplk,Linc Engage Input Survey ARCHIVED,SV_6AsjrryTgd6FOoB,401
IRCC - Creative LINC,GR_eWggPOfPGKNlplk,Linc Engage Input Survey REVISED,SV_237nHyVpUfgiaXP,401
IRCC - Creative LINC,GR_eWggPOfPGKNlplk,Linc Engage Input Survey REVISED - cohort 5,SV_6sP7xuCu7ZmwYHI,404
IRCC - Creative LINC,GR_eWggPOfPGKNlplk,Linc Engage Learner Progress Report Data Entry,SV_0CD7Xm1bW4VAiax,401
IRCC - Creative LINC,GR_eWggPOfPGKNlplk,LINC Engage Soft Skills Reflections,SV_eDoiMTfG9SnLqIZ,401
IRCC - Creative LINC,GR_eWggPOfPGKNlplk,LINC Program Registration Form,SV_2f9d67THHfAc2a1,404
LINC Co-Design,GR_eaPI4e9Dw2ZzNem,TBD,TBD,400
LBS,GR_cMUF4PL43d4NHzU,Working Table 1 Feedback Survey,SV_4U9ZH8k2972kTc1,200
LBS,GR_cMUF4PL43d4NHzU,Working Table 2 Feedback Survey,SV_eLqNrBmxdS7TiYt,200
LBS,GR_cMUF4PL43d4NHzU,Working Table 3 Feedback Survey,SV_5vtvkx1EICemfFb,200
LBS,GR_cMUF4PL43d4NHzU,Reference Group 1 Feedback Survey,SV_afuReAvTi65GHMp,200
LEF - ILLI,GR_dgvmJtvrn0Vgq45,Early Childhood Assistant Survey,SV_aUW4r4GauRXKM3r,200
LEF - ILLI,GR_dgvmJtvrn0Vgq45,Early Childhood Assistant Survey,SV_aUW4r4GauRXKM3r,200
Magnet ALIGN,GR_81TexcXNxFO2hhA,Participant follow-up,SV_9YnInsI4huRTIAB,200
Magnet ALIGN,GR_81TexcXNxFO2hhA,Employer follow-up,SV_9LENJ4oS909zhYx,200
Magnet ALIGN,GR_81TexcXNxFO2hhA,Training Partner Survey,SV_7QIDNevX1LNMjbL,200
Magnet ALIGN,GR_81TexcXNxFO2hhA,Magnet ALiGN Evaluation - Advisory Survey,SV_2cynwqThz5UQdtb,200
Magnet ALIGN,GR_81TexcXNxFO2hhA,Magnet_ALiGN - Demographics Survey,SV_4ZNciZ9D8O3UraZ,200
NEET,GR_0HuypWgPjiz9wlD,ALL Merge before 6/19,SV_cOWKojDluGJ7JDD,200
NEET,GR_0HuypWgPjiz9wlD,Gift Card Survey,SV_bwtfAU3MFbYaErH,404
NEET,GR_0HuypWgPjiz9wlD,NEET Panel Merge,SV_6fe6XKd35Hzjge9,200
NEET,GR_0HuypWgPjiz9wlD,NEET Youth - Agency Version,SV_6YJlFOnX0rHCi7b,200
NEET,GR_0HuypWgPjiz9wlD,NEET Youth - Data Entry,SV_0JMhXaejwlrn07r,200
NEET,GR_0HuypWgPjiz9wlD,NEET Youth - Qualtrics Version,SV_5baxFhwJAOzl4nX,200
NEET,GR_0HuypWgPjiz9wlD,NEET Youth - RN version,SV_e3BNSbQSjuxRxnD,200
NEET,GR_0HuypWgPjiz9wlD,NEET Youth - Social Media,SV_6EueS0gHHfJDWUR,200
NEET,GR_0HuypWgPjiz9wlD,Only NEET data,SV_29WnUoNtL85cf1b,200
OBIP,GR_3DCXHyAyGY8DVD7,DSQ--Full--Interviewer administered,SV_eVwuKbdwAvbx0fH,200
OCWI,GR_9NtueIZbSsqGR01,COIE Sondage,SV_0SxTl0ArkTyKC2N,200
OLES,GR_4YgxFxYGzxv7vqm,Contact info form,SV_cRP7UiiVkdtDvFj,404
OLES,GR_4YgxFxYGzxv7vqm,A.0.1_Amplify_SJT_pre,SV_5ubyr4hJKSdlFNb,404
OLES,GR_4YgxFxYGzxv7vqm,A.0.1_Amplify_SJT_pre - demo,SV_a9TVfsj4MNJKq1w,404
OLES,GR_4YgxFxYGzxv7vqm,A.0.1_Amplify_SJT_TEST,SV_3xAiCNu21pjcmQl,404
OLES,GR_4YgxFxYGzxv7vqm,A.0.2 Amplify TBLA Data Entry pre,SV_5dOX94PLX37Wr8p,404
OLES,GR_4YgxFxYGzxv7vqm,A.0.2 Amplify TBLA Data Entry pre - demo,SV_cA59TAmC4Jzan5Q,404
OLES,GR_4YgxFxYGzxv7vqm,A.0.3 Amplify ESG linkage,SV_cAfjY8s0Sz68ZRc,404
OLES,GR_4YgxFxYGzxv7vqm,A.1.1_Amplify_SJT_post,SV_b93asTMKiYnK2ZD,404
OLES,GR_4YgxFxYGzxv7vqm,A.1.2 Amplify TBLA Data Entry post,SV_2gHdf2jmRIFtEVv,404
OLES,GR_4YgxFxYGzxv7vqm,Amplify Design Screener Survey,SV_5hfgcmZe9a7qIHX,404
OLES,GR_4YgxFxYGzxv7vqm,S.0.1 Amplify participant exit survey,SV_cOSxRzIMa2lTxiZ,404
OLES,GR_4YgxFxYGzxv7vqm,S.0.1 Amplify participant exit survey - Demo,SV_6sAwP6IxrC5oG1g,404
OLES,GR_4YgxFxYGzxv7vqm,OLES Follow-Up Survey for Participants Testing the SJT,SV_8IgnlSXMX5TvS29,404
OLES,GR_4YgxFxYGzxv7vqm,Amplify evaluation consent form,SV_9ZfBV4B2Bm9n6Lz,404
OLES,GR_4YgxFxYGzxv7vqm,Amplify evaluation consent form - Demo,SV_71HP96XbIWBc7fo,404
OLES,GR_4YgxFxYGzxv7vqm,Amplify evaluation consent form - Duplicate,SV_dgajNaJEI08crHg,404
OTEC,GR_80WCkEINtjor0G2,Commitment Curve (Agencies) Survey,SV_4IbU7766rdSnTFz,200
Project Integrate,GR_00856WIoHJVageO,Project Integrate Feedback,SV_3PID1xqRVIy3Igd,200
TDSB,GR_3QTODiJrSUIHvEh,TDSB Client exit survey V1,SV_2txmXLJrnKteBp3,200
TDSB,GR_3QTODiJrSUIHvEh,TDSB Client follow-up survey V1,SV_1ZZWYwhUxDmIGLr,200
TDSB,GR_3QTODiJrSUIHvEh,TDSB Client intake survey V1,SV_2fseWy6UvZLTfAV,200
To Wards Peace (TWP),GR_1RiStsz6gvxYnau,Towards Peace Training Survey,SV_3vHLdSS9upWJkzQ,404
