Group Name,Group ID,Type,Survey ID,Survey Name
ACA - FSC,GR_3CKM2kr25eqcocK,FSC,SV_a9szkYuESa1oOYl,ACA Interest Survey
Actual Youth Stem - FSC,GR_6KbGK2WwknAtcDs,FSC,SV_eQDV2NHs9MP58Lb,Actua Youth STEM Landcamp Participant Survey
ADaPT - FSC,GR_e8WvV7yfmvsbr9k,FSC,SV_43nVQXc8uMcH3JY,FSC_0.0.1_ADaPT_2.0_s01_Intake
,GR_e8WvV7yfmvsbr9k,,SV_6fCitYzc8FNwow6,FSC_0.0.1_ADaPT_2.0_s02_Exit
,GR_e8WvV7yfmvsbr9k,,SV_bKERWKDmfKvtvPU,FSC_0.0.1_ADaPT_2.0_s03_Follow-up_3mon
,GR_e8WvV7yfmvsbr9k,,SV_ehfjZMG4XKfazJ4,FSC_0.0.1_ADaPT_2.0_s04_Follow-up_9mon
,GR_e8WvV7yfmvsbr9k,,SV_6xSsyujgMQYZT2R,FSC_0.0.1_ADaPT_s01_Intake
,GR_e8WvV7yfmvsbr9k,,SV_9nrohRYONeMknzL,FSC_0.0.1_ADaPT_s02_Exit
,GR_e8WvV7yfmvsbr9k,,SV_eMcIQjWpQLFz2jH,FSC_0.0.1_ADaPT_s03_Follow-up_3mon
,GR_e8WvV7yfmvsbr9k,,SV_722ofraQZJvdR41,FSC_0.0.1_ADaPT_s04_Follow-up_9mon
,GR_e8WvV7yfmvsbr9k,,SV_bjxfAHg3tMyODpc,FSC_0.0.1_ADaPT_s1.1_Interview_Confidence_pre
,GR_e8WvV7yfmvsbr9k,,SV_78IpKCJysYymOq2,FSC_0.0.1_ADaPT_s1.2_Interview_Confidence_post
,GR_e8WvV7yfmvsbr9k,,SV_eDUADWYt5HiyCpg,FSC_0.0.2_ADaPT_2.0_s01_Intake
,GR_e8WvV7yfmvsbr9k,,SV_e5qC1lQvNYShLhA,FSC_0.0.2_ADaPT_2.0_s01_Intake_RCT
,GR_e8WvV7yfmvsbr9k,,SV_2aFbtmwjhfb58j4,FSC_0.0.2_ADaPT_2.0_s02_Exit
,GR_e8WvV7yfmvsbr9k,,SV_5v9nNcrXPvCSWhg,FSC_0.0.2_ADaPT_2.0_s02_Exit_RCT
,GR_e8WvV7yfmvsbr9k,,SV_9HSFNOoX5b4YDMq,ADaPT 1 Partner Interview Consent Form
,GR_e8WvV7yfmvsbr9k,,SV_d9XOxQC4LaapWMl,ADaPT Interview Scheduling
,GR_e8WvV7yfmvsbr9k,,SV_3Vs3vBuAiq0QlxA,ADaPT 2.0 - Interview Invitation
BE EPIC - FSC,GR_2n9wx89HNxHeKvs,FSC,SV_6Frvyr4BXAWodW5,FSC_0.0.1_Be-EPIC_s01_Contact
Career Moves - FSC,GR_6AnBu3PGEk8MlyC,FSC,SV_8IAnNigvdGn7agR,Career Moves Baseline Test
,GR_6AnBu3PGEk8MlyC,,SV_0lewRqotFOtb2AJ,FSC_0.0.1_Career-Moves_s01_Baseline
,GR_6AnBu3PGEk8MlyC,,SV_1Hx3xYxRReteaXz,FSC_0.0.1_Career-Moves_s02.1_Early-Exit
,GR_6AnBu3PGEk8MlyC,,SV_6Dvd66VGNEmTxat,FSC_0.0.1_Career-Moves_s02_Exit
,GR_6AnBu3PGEk8MlyC,,SV_djmjhCutGhahb7v,FSC_0.0.1_Career-Moves_s03.1_Follow-up_3-Month_EE
,GR_6AnBu3PGEk8MlyC,,SV_b9QtiNXvSN8I1ZH,FSC_0.0.1_Career-Moves_s03_Follow-up_3-Month
,GR_6AnBu3PGEk8MlyC,,SV_1XfUH2UssWOXZoF,FSC_0.0.1_Career-Moves_s04.1_Follow-up_9-Month_EE
,GR_6AnBu3PGEk8MlyC,,SV_39ptksJ0J216eEJ,FSC_0.0.1_Career-Moves_s04_Follow-up_9-Month
CCDF - FSC,GR_88RNCZaDOoFD5vE,FSC,SV_1MklRZeh2TnbGW9,CCDF_facilitator_worksheet_demo
EDGE UP,GR_2hFe1cqhrDJ2Ry6,FSC,SV_4OSSsaRVlPhZygC,FSC_0.0.1_EDGE_UP_2.0_s01_Baseline
,GR_2hFe1cqhrDJ2Ry7,,SV_cSnacHPNvP374Sq,FSC_0.0.1_EDGE_UP_2.0_s02_Exit
,GR_2hFe1cqhrDJ2Ry8,,SV_3OVleTUAqKEWaai,FSC_0.0.1_EDGE_UP_2.0_s03_Follow-up3mon
,GR_2hFe1cqhrDJ2Ry9,,SV_cGSfSKoZW0LZ8ge,FSC_0.0.1_EDGE_UP_2.0_s04_Follow-up9mon
,GR_2hFe1cqhrDJ2Ry10,,SV_3OhbhRWYLxjgcTj,FSC_0.0.1_EDGE_UP_s01_Baseline
,GR_2hFe1cqhrDJ2Ry11,,SV_bODYB17OFowcuiN,FSC_0.0.1_EDGE_UP_s02_Exit
,GR_2hFe1cqhrDJ2Ry12,,SV_8CFzE4iLx6bR0k5,FSC_0.0.1_EDGE_UP_s03_Follow-up3mon
,GR_2hFe1cqhrDJ2Ry13,,SV_dbdqewjutXfM6XP,FSC_0.0.1_EDGE_UP_s04_Follow-up9mon
,GR_2hFe1cqhrDJ2Ry14,,SV_86uuMcn25fOCR82,FSC_0.0.2_EDGE_UP_2.0_s01_Intake
,GR_2hFe1cqhrDJ2Ry15,,SV_dhWJubtAeQ3MRr8,FSC_0.0.2_EDGE_UP_2.0_s02_Exit
,GR_2hFe1cqhrDJ2Ry16,,SV_6rG82XraFxut9MW,FSC_0.0.2_EDGE_UP_2.0_s03_Follow-up3mon
,GR_2hFe1cqhrDJ2Ry17,,SV_erMtMP4sWjBAMt0,FSC_0.0.2_EDGE_UP_2.0_s04_Follow-up9mon
,GR_2hFe1cqhrDJ2Ry18,,SV_cTk0L07qFyNmGAB,EDGE UP Interview Scheduling
FAST,GR_78TvHpMyJbgWaoK,FSC,SV_cUZOfM3jtySg7KR,FAST 1.0 - Interview Invitation
,GR_78TvHpMyJbgWaoK,,SV_1ML0wMj2WgJNXhz,FAST 1.0 - Interview Invitation 2
,GR_78TvHpMyJbgWaoK,,SV_eDm6ZZLGY8OmI86,FAST 2.0 - Interview Invitation
,GR_78TvHpMyJbgWaoK,,SV_0DIEg5VLVv8ZBcy,FSC_0.0.1_FAST_2.0_s01_Exit
,GR_78TvHpMyJbgWaoK,,SV_bw8l9TugUDjg8xE,FSC_0.0.1_FAST_2.0_s02_Follow-Up
,GR_78TvHpMyJbgWaoK,,SV_eQVcksQbpDYNy2a,FSC_0.0.1_FAST_2.0_s03_Follow-Up-9mon
,GR_78TvHpMyJbgWaoK,,SV_87FQXCQVjasPB8F,FSC_0.0.1_FAST_s01_Exit
,GR_78TvHpMyJbgWaoK,,SV_3OyVwUbFs4xOlRH,FSC_0.0.1_FAST_s02_Follow-Up
,GR_78TvHpMyJbgWaoK,,SV_eCLiChYXtA76zfT,FSC_0.01_FAST_s03_Interview_Exit
,GR_78TvHpMyJbgWaoK,,SV_cZRtog06ZpOxPp4,FSC_0.0.2_FAST_2.0_s01_Exit_CoF
,GR_78TvHpMyJbgWaoK,,SV_24X0jLiWAwf7R2u,FSC_0.0.2_FAST_2.0_s02_Follow-Up_CoF
Flagship - FSC,GR_00uKuoRmyAKEZYq,FSC,SV_0HEqG6Mzu51uNnf,FSC_Flagship_s01_Baseline
,GR_00uKuoRmyAKEZYq,,SV_9v1cQLYEdhzjpIN,FSC_Flagship_s01_Baseline_v02
,GR_00uKuoRmyAKEZYq,,SV_56AFjOcM8EsYWBT,FSC_Flagship_s01_Panel_Baseline
,GR_00uKuoRmyAKEZYq,,SV_6gx1vinyFwmPyXr,FSC_Flagship_s02_Follow-up-01
Indigenous ICT ,GR_4TM3LBRKWmOEMMS,FSC,SV_295piEIOEjjrQtn,FSC_I-ICT_s01_Mid-Training Survey Phase 1
,GR_4TM3LBRKWmOEMMS,,SV_3f0ZjMXkqYKSES1,FSC_I-ICT_s03_Mid-Training Survey Phase 2
,GR_4TM3LBRKWmOEMMS,,SV_eEi1hkLiYXApryB,FSC_0.0.1_I-ICT_s02_DemoEmployment
,GR_4TM3LBRKWmOEMMS,,SV_e2wiK6syuPwHTCd,FSC_0.0.1_I-ICT_s03_DemoEmploymentConsent
Mohawk,GR_25DAxdhZhcAysm2,FSC,SV_0lEHvipVlZpcNRs,FSC_0.0.1_Mohawk_s01_Intake
,GR_25DAxdhZhcAysm2,,SV_5zlKvWMsqvkxJTU,FSC_0.0.2_Mohawk_s01_Intake_Survey_COF
,GR_25DAxdhZhcAysm2,,SV_1G1xtdbMiVtxxXM,FSC_0.0.2_Mohawk_s02_Exit_Survey_COF
,GR_25DAxdhZhcAysm2,,SV_3QPviuVSNtHGXC6,FSC_0.0.2_Mohawk_s03_follow-up_3mon_COF
,GR_25DAxdhZhcAysm2,,SV_bjRdpeqe79XBtqu,FSC_0.01_Mohawk_s01_Exit
,GR_25DAxdhZhcAysm3,,SV_8prjHjqphy6zjFk,FSC_0.01_Mohawk_s01_Follow-Up-3mo
,GR_25DAxdhZhcAysm4,,SV_6l2efdecc6UgT8q,FSC_0.01_Mohawk_s02_Follow-Up-9mo
,GR_25DAxdhZhcAysm5,,SV_9LAdM1bjHTAkJuu,FSC_0.01_Mohawk_Secondary_Consent
,GR_cFOUh1mytr5lEFw,,SV_56HhhUmoO3DPuHY,NPower Program Implementation Reflection Form
Pier Labs,GR_eh3YhgzffQ4kQJw,FSC,SV_88QprUlFFbzrrsW,FSC_0.0.2_Pier_Labs_2.0_s01_Intake
,GR_eh3YhgzffQ4kQJw,,SV_9G1g1iVUoHtZSvQ,FSC_0.0.2_Pier_Labs_2.0_s01_Intake_Contact_info_box
,GR_eh3YhgzffQ4kQJw,,SV_0qWS3SdhzEAfweG,FSC_0.0.2_Pier_Labs_2.0_s02_Exit
,GR_eh3YhgzffQ4kQJw,,SV_bxPSx1xBlnrljsq,FSC_0.0.2_Pier_Labs_2.0_s03_3-month-follow-up
,GR_eh3YhgzffQ4kQJw,,SV_a3pk1mKTG2LiCdU,FSC_0.0.2_Pier_Labs_2.0_s03_9-month-follow-up
,GR_eh3YhgzffQ4kQJw,,SV_6MwkpenmNfLMwjI,Pier Labs - Advancement Coach Monthly Worksheet
,GR_eh3YhgzffQ4kQJw,,SV_cXScPAkSYT6E5bo,Pier Labs - Case Manager Monthly Worksheet
,GR_eh3YhgzffQ4kQJw,,SV_aWxGAHfVoaY0Hqu,Pier Labs - Pier labs Team Monthly Worksheet
,GR_eh3YhgzffQ4kQJw,,SV_8v0XOZV9jFnnvMy,Pier Labs - Technical Assistance Team Monthly Worksheet
,GR_eh3YhgzffQ4kQJw,,SV_8Id8KwzJaOUnsh0,Pier Labs - Technical Assistance Team Monthly Worksheet (Chris)
Responsive Career Pathways (RCP),GR_aY6iRFMkcSkVE3A,FSC,SV_af8SxdkmGBJPPOC,Full Service Career Hubs Working Group - User Group Personas Survey
Truckers - FSC,GR_9GfHqYUYCFJ0Hum,FSC,SV_8JwiI2QG83wLYFg,FSC_s1_Truckers_Intake
UCFW,GR_6YIQwpg5B8NHrX8,FSC,SV_80qj7uDcCaqk72t,FSC_0.0.1_UFCW-Digital-Skills_s00_Consent_Intake
,GR_6YIQwpg5B8NHrX9,,SV_2adzFGc25wASrYx,FSC_0.0.1_UFCW-Digital-Skills_s01_Feedback
,GR_6YIQwpg5B8NHrX10,,SV_8CSHVu9LzqeEoVn,FSC_0.0.1_UFCW-Digital-Skills_s02_Follow-up_6-Month
,GR_6YIQwpg5B8NHrX11,,SV_55xvmXTpBgNEuZn,FSC_0.0.1_UFCW-Digital-Skills_s03_Follow-up_12-Month
,GR_6YIQwpg5B8NHrX12,,SV_bmc6jb9FG4aOs3H,FSC_0.0.1_UFCW-Digital-Skills_s04_Follow-up_18-Month
,GR_6YIQwpg5B8NHrX13,,SV_1RmCost9WXClaPb,FSC_0.0.1_UFCW-Pre-Apprenticeship_s01_Intake
,GR_6YIQwpg5B8NHrX14,,SV_3pELB3t2MAfsTTD,FSC_0.0.1_UFCW-Pre-Apprenticeship_s02_Exit
,GR_6YIQwpg5B8NHrX15,,SV_cTnLjJGSEjlGV9P,FSC_0.0.1_UFCW-Pre-Apprenticeship_s03_Follow-Up
,GR_6YIQwpg5B8NHrX16,,SV_2a6gxohxVss3qYd,FSC_0.0.1_UFCW-Pre-Apprenticeship_s04_Follow-up_9-Month
,GR_6YIQwpg5B8NHrX17,,SV_0DtWrkT2T9oEIT3,FSC_UFCW_Sandbox
WBL - FSC,GR_aW2XclgsTZIUuQ6,FSC,SV_0JMy0KTecLQ5zOl,WBL_consent
,GR_aW2XclgsTZIUuQ7,,SV_cNo3IGTINAcou7b,WBL_consent_noq
,GR_aW2XclgsTZIUuQ8,,SV_5AtOqHxeBUateId,FSC_0.0.1_WBL_Monitor_s01_Exit
,GR_aW2XclgsTZIUuQ9,,SV_e3S6MM9UJzHFl9r,FSC_0.0.1_WBL_s01_Baseline
,GR_aW2XclgsTZIUuQ10,,SV_9zSPdtQgNzO4cQZ,FSC_0.0.1_WBL_s02_Follow-up
APPE,GR_2fbeyQd7nmf3kJn,Non-FSC,SV_3IVb5swYDoFD9GZ,Principal Opinion Survey
,GR_2fbeyQd7nmf3kJn,,SV_6XS8KJExrPK6Pyd,Teacher Opinion Survey
,GR_2fbeyQd7nmf3kJn,,SV_b437yXXBpLpyg05,Sondage d'opinion auprès des enseignants
,GR_2fbeyQd7nmf3kJn,,SV_1SlD8Et5fepKbEF,Sondage d’opinion auprès des directeurs d’école
BHER,GR_9pk1Yl3eZZKfJD8,Non-FSC,SV_807zEEcZnGn4YIK,BHER_HostOrganization
Canada Learning Code,GR_eEgCLjW3BVlh4nI,Non-FSC,SV_bKJEnXmHGvoIIAZ,CLC_Annual-Survey
,GR_eEgCLjW3BVlh4nI,,SV_ehacCOOjZfHoVSt,Canada Learning Code - Annual Survey - 2019
,GR_eEgCLjW3BVlh4nI,,SV_egkNxDWDPOO0fQi,Canada Learning Code- Annual Survey 2020
,GR_eEgCLjW3BVlh4nI,,SV_3gep0YrfO7VQoQu,Canada Learning Code- Annual Survey 2021
CHP (City of Toronto) ,GR_3W8tvM9o4pCjsWi,Non-FSC,SV_3lVqiB55TIX3uK1,Peer Mentor - Post-Focus group follow up
,GR_3W8tvM9o4pCjsWi,,SV_elAWiXQ3Mhkgn65,Parent and Caregiver End of Training Survey
CVWRP (City of Toronto),GR_enuhXLfZDNcC6yO,Non-FSC,SV_1AC680luzmWWHY2,Next Generation Arts - H.E.A.L. Post-Survey
,GR_enuhXLfZDNcC6yO,,SV_6fbXmPbgW5nstBI,Next Generation Arts - H.E.A.L. Pre-Survey
,GR_enuhXLfZDNcC6yO,,SV_bDZFjrOkE3pdTi6,CVWRP Client Experience Survey- SCHC
,GR_enuhXLfZDNcC6yO,,SV_3ELmQwXX2vdoaYC,CVWRP Client Experience Survey- Unison
,GR_enuhXLfZDNcC6yO,,SV_cJ708khwFc9gp7M,CDO Survey on Immediate Resource use
,GR_enuhXLfZDNcC6yO,,SV_1FiCxWxuEfJOje6,Community Safety Symposium Survey
,GR_enuhXLfZDNcC6yO,,SV_cT6C2N1j7uRfToi,LifeStabilization Fund Feedback
,GR_enuhXLfZDNcC6yO,,SV_7Wp5M7b4hus2jr0,Toolkit group member reflection survey
CN and netWORKS,GR_0BUSdU4fs2E6az4,Non-FSC,SV_9sksHfLI87haV7v,"CN, Exit Survey"
,GR_0BUSdU4fs2E6az5,,SV_bCQ8fDsGQ5g1Kzb,"CN, Exit Survey for Direct Hires"
Construction Connections,GR_9zqvMrm1i7d79qe,Non-FSC,SV_0wega5sOMLFbq3r,"Construction Connections, Baseline Survey"
,GR_9zqvMrm1i7d79qe,,SV_bmBksygt00KR0gd,"Construction Connections, Symposium Survey"
,GR_9zqvMrm1i7d79qe,,SV_3fSrc5Ljw4tIvM9,Pathway employer
Habitat for Humanity ,GR_agxfeuwpZTosQke,Non-FSC,SV_aXWL5FknEnQWaTb,"Baseline Survey, Pinery Trail"
IRCC - Creative LINC,GR_eWggPOfPGKNlplk,Non-FSC,SV_3OezVIXH6xN5wz3,Recruitment challenges
,GR_eWggPOfPGKNlplk,,SV_e8rIRQReQ9ZFytw,1.0 Linc Engage Phase II - Baseline
,GR_eWggPOfPGKNlplk,,SV_0GqpeVziawvGu2i,1.0_LINC Co-design_LINC_Instructors_Pre-FG
,GR_eWggPOfPGKNlplk,,SV_6zzVDpauIu3tiyq,1.1_Cohort_1_LINC Co-design_Participants_Baseline
,GR_eWggPOfPGKNlplk,,SV_aaul0SmEqCJhnbo,1.2_Cohort_1_LINC_Co-design_Participants_Exit
,GR_eWggPOfPGKNlplk,,SV_4ViYLUFVgY3t8nI,1.3_Cohort_1_LINC_Co-design_Participants_3-month-follow-up
,GR_eWggPOfPGKNlplk,,SV_3OhBPqaIF2BJ3WC,1.4_Cohort_1_LINC_Co-design_Participants_6-month-follow-up
,GR_eWggPOfPGKNlplk,,SV_9AITztFC4crF4pg,2.0 Linc Engage Phase II - Exit
,GR_eWggPOfPGKNlplk,,SV_afshoFYv9FgCkdM,3.0 Linc Engage Phase II - Follow-up
,GR_eWggPOfPGKNlplk,,SV_aaUM3OZbh6OYbyd,LINC Engage Entry Interview
,GR_eWggPOfPGKNlplk,,SV_9SOspaaveIXcmDH,Linc Engage Entry Interview REVISED
,GR_eWggPOfPGKNlplk,,SV_9sG3Udl41rk1hOZ,Linc Engage Feedback Survey
,GR_eWggPOfPGKNlplk,,SV_5jBVoxtk28Z8BWl,Linc Engage Feedback Survey - V2
,GR_eWggPOfPGKNlplk,,SV_0Sxrc0OWuzT3LbE,LINC Engage Follow-up Survey (fifth reunion)
,GR_eWggPOfPGKNlplk,,SV_9uI2lioIlS2uwzr,Linc Engage Follow-up Survey (first reunion)
,GR_eWggPOfPGKNlplk,,SV_1U30RLIOMIku5Br,LINC Engage Follow-up Survey (fourth reunion)
,GR_eWggPOfPGKNlplk,,SV_2fNxntSNXK57isJ,LINC Engage Follow-up Survey (second reunion)
,GR_eWggPOfPGKNlplk,,SV_6VEvBdNkjZ2AoT3,LINC Engage Follow-up Survey (third reunion)
,GR_eWggPOfPGKNlplk,,SV_6AsjrryTgd6FOoB,Linc Engage Input Survey ARCHIVED
,GR_eWggPOfPGKNlplk,,SV_237nHyVpUfgiaXP,Linc Engage Input Survey REVISED
,GR_eWggPOfPGKNlplk,,SV_6sP7xuCu7ZmwYHI,Linc Engage Input Survey REVISED - cohort 5
,GR_eWggPOfPGKNlplk,,SV_0CD7Xm1bW4VAiax,Linc Engage Learner Progress Report Data Entry
,GR_eWggPOfPGKNlplk,,SV_eDoiMTfG9SnLqIZ,LINC Engage Soft Skills Reflections
,GR_eWggPOfPGKNlplk,,SV_2f9d67THHfAc2a1,LINC Program Registration Form
LINC Co-Design,GR_eaPI4e9Dw2ZzNem,Non-FSC,TBD,TBD
LBS,GR_cMUF4PL43d4NHzU,Non-FSC,SV_4U9ZH8k2972kTc1,Working Table 1 Feedback Survey
,GR_cMUF4PL43d4NHzU,,SV_eLqNrBmxdS7TiYt,Working Table 2 Feedback Survey
,GR_cMUF4PL43d4NHzU,,SV_5vtvkx1EICemfFb,Working Table 3 Feedback Survey
,GR_cMUF4PL43d4NHzU,,SV_afuReAvTi65GHMp,Reference Group 1 Feedback Survey
LEF - ILLI,GR_dgvmJtvrn0Vgq45,Non-FSC,SV_aUW4r4GauRXKM3r,Early Childhood Assistant Survey
,GR_dgvmJtvrn0Vgq46,,SV_6neeTloZu9BhY1v,LEF LINC Participant Baseline Survey - Control Group
,GR_dgvmJtvrn0Vgq47,,SV_39vRFWwhJZ5FYEJ,LEF LINC Participant Baseline Survey - ILLI Learners
,GR_dgvmJtvrn0Vgq48,,SV_agRxnqC2FsMP8DX,LEF LINC Participant Baseline Survey - Test Group
,GR_dgvmJtvrn0Vgq49,,SV_6L6Mt18TWAM2q0t,LEF LINC Participant Exit Survey - Control Group
,GR_dgvmJtvrn0Vgq50,,SV_74fNqcwSulVjNXf,LEF LINC Participant Exit Survey - ILLI Learners
,GR_dgvmJtvrn0Vgq51,,SV_0oIJKNYChPJ76Tj,LEF LINC Participant Exit Survey - Test Group
,GR_dgvmJtvrn0Vgq52,,SV_eG3Wya9jOkDQ7it,LEF-NSCECE_0.1_ECE_s01A_Participant-Baseline-Survey
,GR_dgvmJtvrn0Vgq53,,SV_abfW3s5DuUDcB13,LEF-NSCECE_0.1_ECE_s01B_Employer-Baseline-Survey
,GR_dgvmJtvrn0Vgq54,,SV_3V3DxDocns3ResJ,LEF-NSCECE_0.1_ECE_s02A_Participant_Follow-up_1-month
,GR_dgvmJtvrn0Vgq55,,SV_6umuKTr15flUzkx,LEF-NSCECE_Child-Care-Career-Pathways_Interview-Scheduling_Employers
,GR_dgvmJtvrn0Vgq56,,SV_8j4VDuo5Yg8ek4t,LEF-NSCECE_Child-Care-Career-Pathways_Interview-Scheduling_Participants
,GR_dgvmJtvrn0Vgq57,,SV_6VI4V2AeaBnufhH,ELCC_conference_participant
,GR_dgvmJtvrn0Vgq58,,SV_aUW4r4GauRXKM3r,Early Childhood Assistant Survey
Magnet ALIGN,GR_81TexcXNxFO2hhA,Non-FSC,SV_9YnInsI4huRTIAB,Participant follow-up
,GR_81TexcXNxFO2hhA,,SV_9LENJ4oS909zhYx,Employer follow-up
,GR_81TexcXNxFO2hhA,,SV_7QIDNevX1LNMjbL,Training Partner Survey
,GR_81TexcXNxFO2hhA,,SV_2cynwqThz5UQdtb,Magnet ALiGN Evaluation - Advisory Survey
,GR_81TexcXNxFO2hhA,,SV_4ZNciZ9D8O3UraZ,Magnet_ALiGN - Demographics Survey
NEET,GR_0HuypWgPjiz9wlD,Non-FSC,SV_cOWKojDluGJ7JDD,ALL Merge before 6/19
,GR_0HuypWgPjiz9wlD,,SV_bwtfAU3MFbYaErH,Gift Card Survey
,GR_0HuypWgPjiz9wlD,,SV_6fe6XKd35Hzjge9,NEET Panel Merge
,GR_0HuypWgPjiz9wlD,,SV_6YJlFOnX0rHCi7b,NEET Youth - Agency Version
,GR_0HuypWgPjiz9wlD,,SV_0JMhXaejwlrn07r,NEET Youth - Data Entry
,GR_0HuypWgPjiz9wlD,,SV_5baxFhwJAOzl4nX,NEET Youth - Qualtrics Version
,GR_0HuypWgPjiz9wlD,,SV_e3BNSbQSjuxRxnD,NEET Youth - RN version
,GR_0HuypWgPjiz9wlD,,SV_6EueS0gHHfJDWUR,NEET Youth - Social Media
,GR_0HuypWgPjiz9wlD,,SV_29WnUoNtL85cf1b,Only NEET data
OBIP,GR_3DCXHyAyGY8DVD7,Non-FSC,SV_eVwuKbdwAvbx0fH,DSQ--Full--Interviewer administered
,GR_3DCXHyAyGY8DVD8,,SV_7WAOHgeQcI3QMUR,DSQ--Full--Interviewer administered--Latest
,GR_3DCXHyAyGY8DVD9,,SV_0TkYGr1Izpo6emF,OBIP - Baseline - CATI - V2
,GR_3DCXHyAyGY8DVD10,,SV_bqE10zqfrCxL4ah,OBIP - Baseline - CATI - V3
,GR_3DCXHyAyGY8DVD11,,SV_dg3z6Sy4a6WonDT,OBIP - Baseline - W/ TEST WAGE Q'NS
,GR_3DCXHyAyGY8DVD12,,SV_6VY0Z9Ysp0OoKlT,OBIP - Baseline FULL VALIDATION TEST
,GR_3DCXHyAyGY8DVD13,,SV_5j4SRz5xlCYSIZv,OBIP - Full DSQ - Self-administered
,GR_3DCXHyAyGY8DVD14,,SV_6lMiMG6kdTv7VDT,OBIP - PRA - Baseline
,GR_3DCXHyAyGY8DVD15,,SV_0AFyq9V8ITweIWV,OBIP - PRA - Baseline - Data Entry Form
,GR_3DCXHyAyGY8DVD16,,SV_3lswFrewEj7fCLj,OBIP - PRA - Baseline - Data Entry Form - Recoded
,GR_3DCXHyAyGY8DVD17,,SV_9Sk0nLucKUQMLjf,OBIP Applicant Record (TEST)
,GR_3DCXHyAyGY8DVD18,,SV_ePXmwC6cBsSi8AZ,OBIP Applicant Record (TEST) OPEN
,GR_3DCXHyAyGY8DVD19,,SV_eDao8PviDkY8jeR,"OBIP Baseline SA COPY, 3PM DEC 19"
,GR_3DCXHyAyGY8DVD20,,SV_01XCCSSrj95YMOV,OBIP BL SandBox
,GR_3DCXHyAyGY8DVD21,,SV_1FW6ik82LHyxSpT,"OBIP--Baseline - CATI - Old - 2017,10,03"
,GR_3DCXHyAyGY8DVD22,,SV_efFHq5zkCoIF7mZ,OBIP--Baseline--CATI - (DSQ w/ skips)
,GR_3DCXHyAyGY8DVD23,,SV_d0Tq1VmbwWwi2Zn,OBIP--Baseline--CSA
,GR_3DCXHyAyGY8DVD24,,SV_6lEszKmtHjfRy3X,OBIP--PRA baseline - Copy
,GR_3DCXHyAyGY8DVD25,,SV_diFtYCpp3FqKBnL,EQ5D slider Draft
OCWI,GR_9NtueIZbSsqGR01,Non-FSC,SV_0SxTl0ArkTyKC2N,COIE Sondage
,GR_9NtueIZbSsqGR02,,SV_bIu3Nwkb3JT3nxP,Baseline survey
,GR_9NtueIZbSsqGR03,,SV_3JElA9IV2C4aKQR,Career Pathways Exit Survey
,GR_9NtueIZbSsqGR04,,SV_2oCVa8PAUG85E8d,Data Entry Supportive Care Baseline
,GR_9NtueIZbSsqGR05,,SV_3It9I77mh5DEG9f,Supportive Care Provider Follow-up Survey #1
,GR_9NtueIZbSsqGR06,,SV_bK7BUsm9qOiuL8p,Supportive Care Provider Follow-up Survey #2
,GR_9NtueIZbSsqGR07,,SV_enT3hw8zHZyGFeZ,Supportive Care Provider Program Survey
,GR_9NtueIZbSsqGR08,,SV_9mAo6xR1NEiBI9v,Link to PSW Exit Survey
,GR_9NtueIZbSsqGR09,,SV_42t2rpV2ycmspbD,Link to PSW Input Survey
,GR_9NtueIZbSsqGR10,,SV_0B7r2tWnsB0ypHn,Warehouse Essentials and Supportive Care Baseline Survey and Intake Form
,GR_9NtueIZbSsqGR11,,SV_b7zWACPeERdFsyx,Warehouse Essentials and Supportive Care Provider Program Exit Survey
,GR_9NtueIZbSsqGR12,,SV_1BqAtyAT12tP67z,Employer Feedback Survey
,GR_9NtueIZbSsqGR13,,SV_0UvlyxZ6nodoi6p,OTEC CES ONA
,GR_9NtueIZbSsqGR14,,SV_2rYoICqU0N6uys5,CSR 1 Month Follow-Up
,GR_9NtueIZbSsqGR15,,SV_b8hXv2GEi9HxZQh,CSR Training Feedback Survey
,GR_9NtueIZbSsqGR16,,SV_6RtPZlGpTscAyrP,CSR Training Input Survey
,GR_9NtueIZbSsqGR17,,SV_0wwd0bpZTmpvedL,CES Training follow-up
,GR_9NtueIZbSsqGR18,,SV_0NvyB3iq6p8fB2J,Leadership Xelerator Follow-up
,GR_9NtueIZbSsqGR19,,SV_6A6Mxp2OSUVUWa1,Leadership Xelerator Training Feedback Survey
,GR_9NtueIZbSsqGR20,,SV_85PqPyxmg0vmx3D,Leadership Xelerator Training Input Survey
,GR_9NtueIZbSsqGR21,,SV_9uwsQhLvRURKA61,In Momentum Feedback Survey
,GR_9NtueIZbSsqGR22,,SV_bHfCO2OJzWRh5fT,In Motion 3-month follow-up
,GR_9NtueIZbSsqGR23,,SV_eWDY1FJxiO6hprv,In Motion Feedback Survey
,GR_9NtueIZbSsqGR24,,SV_5AXKUrizU6H8Nff,In Motion Input Survey
,GR_9NtueIZbSsqGR25,,SV_9YMYtkeqpRa76XX,Momentum Trainer Feedback
,GR_9NtueIZbSsqGR26,,SV_86Q4zRUKtBzgLiZ,In Motion Trainer Feedback
OLES,GR_4YgxFxYGzxv7vqm,Non-FSC,SV_cRP7UiiVkdtDvFj,Contact info form
,GR_4YgxFxYGzxv7vqm,,SV_5ubyr4hJKSdlFNb,A.0.1_Amplify_SJT_pre
,GR_4YgxFxYGzxv7vqm,,SV_a9TVfsj4MNJKq1w,A.0.1_Amplify_SJT_pre - demo
,GR_4YgxFxYGzxv7vqm,,SV_3xAiCNu21pjcmQl,A.0.1_Amplify_SJT_TEST
,GR_4YgxFxYGzxv7vqm,,SV_5dOX94PLX37Wr8p,A.0.2 Amplify TBLA Data Entry pre
,GR_4YgxFxYGzxv7vqm,,SV_cA59TAmC4Jzan5Q,A.0.2 Amplify TBLA Data Entry pre - demo
,GR_4YgxFxYGzxv7vqm,,SV_cAfjY8s0Sz68ZRc,A.0.3 Amplify ESG linkage
,GR_4YgxFxYGzxv7vqm,,SV_b93asTMKiYnK2ZD,A.1.1_Amplify_SJT_post
,GR_4YgxFxYGzxv7vqm,,SV_2gHdf2jmRIFtEVv,A.1.2 Amplify TBLA Data Entry post
,GR_4YgxFxYGzxv7vqm,,SV_5hfgcmZe9a7qIHX,Amplify Design Screener Survey
,GR_4YgxFxYGzxv7vqm,,SV_cOSxRzIMa2lTxiZ,S.0.1 Amplify participant exit survey
,GR_4YgxFxYGzxv7vqm,,SV_6sAwP6IxrC5oG1g,S.0.1 Amplify participant exit survey - Demo
,GR_4YgxFxYGzxv7vqm,,SV_8IgnlSXMX5TvS29,OLES Follow-Up Survey for Participants Testing the SJT
,GR_4YgxFxYGzxv7vqm,,SV_9ZfBV4B2Bm9n6Lz,Amplify evaluation consent form
,GR_4YgxFxYGzxv7vqm,,SV_71HP96XbIWBc7fo,Amplify evaluation consent form - Demo
,GR_4YgxFxYGzxv7vqm,,SV_dgajNaJEI08crHg,Amplify evaluation consent form - Duplicate
OTEC,GR_80WCkEINtjor0G2,Non-FSC,SV_4IbU7766rdSnTFz,Commitment Curve (Agencies) Survey
,GR_80WCkEINtjor0G3,,SV_3QmAYqFVI73tqCN,Commitment Curve (Communications/ coordination partner) Survey
,GR_80WCkEINtjor0G4,,SV_4J9u2nPt8xLc1Eh,Commitment Curve (Employers) Survey
,GR_80WCkEINtjor0G5,,SV_br5tU5DqIQ9JC29,Commitment Curve Follow-up (Agencies) Survey
,GR_80WCkEINtjor0G6,,SV_87FQSY8vTBDoj4N,Commitment Curve Follow-up (Communications/coordination partner) Survey
,GR_80WCkEINtjor0G7,,SV_0Nd9nUusapThO73,Commitment Curve Follow-up (Employers) Survey
,GR_80WCkEINtjor0G8,,SV_4NGofMkz0ODczk1,Skills Catalyst Employer Survey (LMI)
,GR_80WCkEINtjor0G9,,SV_bEmaSdCUl9OWmsB,Skills Catalyst Provider Survey (LMI)
,GR_80WCkEINtjor0G10,,SV_0UvlyxZ6nodoi6p,OTEC CES ONA
,GR_80WCkEINtjor0G11,,SV_7ammkBDXRbijD9j,OTEC database follow-up tool
,GR_80WCkEINtjor0G12,,SV_3Xa8VVlw5HYKLUV,OTEC Employer Follow-up
,GR_80WCkEINtjor0G13,,SV_3QwnyCFx5Yh31qJ,OTEC Employer Input Survey Data Entry
,GR_80WCkEINtjor0G14,,SV_0B1SIaFFv6PmINT,OTEC intake form
,GR_80WCkEINtjor0G15,,SV_8HSFG2Kp994x4MZ,OTEC satisfaction tool
,GR_80WCkEINtjor0G16,,SV_1SWEVT5SWYFyrUV,OTEC Skills Catalyst Exit Survey - Incumbents
,GR_80WCkEINtjor0G17,,SV_0OJXn0xdyrgkl9P,OTEC Skills Catalyst Exit Survey - Jobseekers
,GR_80WCkEINtjor0G18,,SV_0eTT1rxeCEfYOKV,OTEC Skills Catalyst Intake Survey - Incumbents
,GR_80WCkEINtjor0G19,,SV_0rdY5sF4YFVaIIZ,OTEC Skills Catalyst Intake Survey - Jobseekers
,GR_80WCkEINtjor0G20,,SV_d4G9z83gJCyjsGx,OTEC Skills Catalyst Intake Survey - Jobseekers - V2
,GR_80WCkEINtjor0G21,,SV_8jO7ULdTWKNyeKp,OTEC Skills Catalyst Participant Intake Form - Job Seekers and Incumbents
,GR_80WCkEINtjor0G22,,SV_5oiJIBdFFp3cXxX,OTEC SPPG Employer
,GR_80WCkEINtjor0G23,,SV_aUWTG1SjTkvBj7f,OTEC SPPG RTO
,GR_80WCkEINtjor0G24,,SV_cN27irQrPs02wL3,OTEC SPPG Training partner
,GR_80WCkEINtjor0G25,,SV_cI81ty4uCeqMToV,OTEC_SAO_HCC_Year2 - Exit Survey for Jobseekers
,GR_80WCkEINtjor0G26,,SV_4T10sUTzHHYbaKN,OTEC_SAO_HCC_Year2 - Intake Survey for Jobseekers
,GR_80WCkEINtjor0G27,,SV_0dqa6ATxeV7Eu0Z,OTEC_TSO_Working-Group_TORs
,GR_80WCkEINtjor0G28,,SV_78nF9D8WrlfIMqF,OTEC_TSO-Y2_s01_Agency-Baseline
,GR_80WCkEINtjor0G29,,SV_1KSJQnnkwR8aE2V,OTEC_TSO-Y2_s01_CCPartner-Baseline
,GR_80WCkEINtjor0G30,,SV_55rdJP6TFAOr9dj,OTEC_TSO-Y2_s01_Employer-Baseline
,GR_80WCkEINtjor0G31,,SV_b4m0yof3XiUcrT7,OTEC_TSO-Y2_s02_Agency-Followup
,GR_80WCkEINtjor0G32,,SV_9oWkELdE5QjC5Br,OTEC_TSO-Y2_s02_CCPartner-Followup
,GR_80WCkEINtjor0G33,,SV_6RK08QcXEdwssuN,OTEC_TSO-Y2_s02_Employer-Followup
,GR_80WCkEINtjor0G34,,SV_eKUvcX4jnYZmqP3,W2L OTEC Intake
,GR_80WCkEINtjor0G35,,SV_3V3y5GVaGn28lRr,Tourism SkillsNet ON Leadership Boot Camp Participant Registration Form
,GR_80WCkEINtjor0G36,,SV_4Hj7MlIJyT7yEn3,Tourism SkillsNet Ontario - Survey for the Advisory Group
Project Integrate,GR_00856WIoHJVageO,Non-FSC,SV_3PID1xqRVIy3Igd,Project Integrate Feedback 
TDSB,GR_3QTODiJrSUIHvEh,Non-FSC,SV_2txmXLJrnKteBp3,TDSB Client exit survey V1
,GR_3QTODiJrSUIHvEh,,SV_1ZZWYwhUxDmIGLr,TDSB Client follow-up survey V1
,GR_3QTODiJrSUIHvEh,,SV_2fseWy6UvZLTfAV,TDSB Client intake survey V1
To Wards Peace (TWP) ,GR_1RiStsz6gvxYnau,Non-FSC,SV_3vHLdSS9upWJkzQ,Towards Peace Training Survey
FSC Survey Review,GR_eWIkhIqGs6oYlHT,FSC,SV_eQDV2NHs9MP58Lb,Actua Youth STEM Landcamp Participant Survey
,GR_eWIkhIqGs6oYlHT,,SV_43nVQXc8uMcH3JY,FSC_0.0.1_ADaPT_2.0_s01_Intake
,GR_eWIkhIqGs6oYlHT,,SV_6fCitYzc8FNwow6,FSC_0.0.1_ADaPT_2.0_s02_Exit
,GR_eWIkhIqGs6oYlHT,,SV_bKERWKDmfKvtvPU,FSC_0.0.1_ADaPT_2.0_s03_Follow-up_3mon
,GR_eWIkhIqGs6oYlHT,,SV_ehfjZMG4XKfazJ4,FSC_0.0.1_ADaPT_2.0_s04_Follow-up_9mon
,GR_eWIkhIqGs6oYlHT,,SV_6xSsyujgMQYZT2R,FSC_0.0.1_ADaPT_s01_Intake
,GR_eWIkhIqGs6oYlHT,,SV_9nrohRYONeMknzL,FSC_0.0.1_ADaPT_s02_Exit
,GR_eWIkhIqGs6oYlHT,,SV_eMcIQjWpQLFz2jH,FSC_0.0.1_ADaPT_s03_Follow-up_3mon
,GR_eWIkhIqGs6oYlHT,,SV_722ofraQZJvdR41,FSC_0.0.1_ADaPT_s04_Follow-up_9mon
,GR_eWIkhIqGs6oYlHT,,SV_bjxfAHg3tMyODpc,FSC_0.0.1_ADaPT_s1.1_Interview_Confidence_pre
,GR_eWIkhIqGs6oYlHT,,SV_78IpKCJysYymOq2,FSC_0.0.1_ADaPT_s1.2_Interview_Confidence_post
,GR_eWIkhIqGs6oYlHT,,SV_eDUADWYt5HiyCpg,FSC_0.0.2_ADaPT_2.0_s01_Intake
,GR_eWIkhIqGs6oYlHT,,SV_e5qC1lQvNYShLhA,FSC_0.0.2_ADaPT_2.0_s01_Intake_RCT
,GR_eWIkhIqGs6oYlHT,,SV_2aFbtmwjhfb58j4,FSC_0.0.2_ADaPT_2.0_s02_Exit
,GR_eWIkhIqGs6oYlHT,,SV_5v9nNcrXPvCSWhg,FSC_0.0.2_ADaPT_2.0_s02_Exit_RCT
,GR_eWIkhIqGs6oYlHT,,SV_9HSFNOoX5b4YDMq,ADaPT 1 Partner Interview Consent Form
,GR_eWIkhIqGs6oYlHT,,SV_d9XOxQC4LaapWMl,ADaPT Interview Scheduling
,GR_eWIkhIqGs6oYlHT,,SV_3Vs3vBuAiq0QlxA,ADaPT 2.0 - Interview Invitation
,GR_eWIkhIqGs6oYlHT,,SV_6Frvyr4BXAWodW5,FSC_0.0.1_Be-EPIC_s01_Contact
,GR_eWIkhIqGs6oYlHT,,SV_8IAnNigvdGn7agR,Career Moves Baseline Test
,GR_eWIkhIqGs6oYlHT,,SV_0lewRqotFOtb2AJ,FSC_0.0.1_Career-Moves_s01_Baseline
,GR_eWIkhIqGs6oYlHT,,SV_1Hx3xYxRReteaXz,FSC_0.0.1_Career-Moves_s02.1_Early-Exit
,GR_eWIkhIqGs6oYlHT,,SV_6Dvd66VGNEmTxat,FSC_0.0.1_Career-Moves_s02_Exit
,GR_eWIkhIqGs6oYlHT,,SV_djmjhCutGhahb7v,FSC_0.0.1_Career-Moves_s03.1_Follow-up_3-Month_EE
,GR_eWIkhIqGs6oYlHT,,SV_b9QtiNXvSN8I1ZH,FSC_0.0.1_Career-Moves_s03_Follow-up_3-Month
,GR_eWIkhIqGs6oYlHT,,SV_1XfUH2UssWOXZoF,FSC_0.0.1_Career-Moves_s04.1_Follow-up_9-Month_EE
,GR_eWIkhIqGs6oYlHT,,SV_39ptksJ0J216eEJ,FSC_0.0.1_Career-Moves_s04_Follow-up_9-Month
,GR_eWIkhIqGs6oYlHT,,SV_1MklRZeh2TnbGW9,CCDF_facilitator_worksheet_demo
,GR_eWIkhIqGs6oYlHT,,SV_4OSSsaRVlPhZygC,FSC_0.0.1_EDGE_UP_2.0_s01_Baseline
,GR_eWIkhIqGs6oYlHT,,SV_cSnacHPNvP374Sq,FSC_0.0.1_EDGE_UP_2.0_s02_Exit
,GR_eWIkhIqGs6oYlHT,,SV_3OVleTUAqKEWaai,FSC_0.0.1_EDGE_UP_2.0_s03_Follow-up3mon
,GR_eWIkhIqGs6oYlHT,,SV_cGSfSKoZW0LZ8ge,FSC_0.0.1_EDGE_UP_2.0_s04_Follow-up9mon
,GR_eWIkhIqGs6oYlHT,,SV_3OhbhRWYLxjgcTj,FSC_0.0.1_EDGE_UP_s01_Baseline
,GR_eWIkhIqGs6oYlHT,,SV_bODYB17OFowcuiN,FSC_0.0.1_EDGE_UP_s02_Exit
,GR_eWIkhIqGs6oYlHT,,SV_8CFzE4iLx6bR0k5,FSC_0.0.1_EDGE_UP_s03_Follow-up3mon
,GR_eWIkhIqGs6oYlHT,,SV_dbdqewjutXfM6XP,FSC_0.0.1_EDGE_UP_s04_Follow-up9mon
,GR_eWIkhIqGs6oYlHT,,SV_86uuMcn25fOCR82,FSC_0.0.2_EDGE_UP_2.0_s01_Intake
,GR_eWIkhIqGs6oYlHT,,SV_dhWJubtAeQ3MRr8,FSC_0.0.2_EDGE_UP_2.0_s02_Exit
,GR_eWIkhIqGs6oYlHT,,SV_6rG82XraFxut9MW,FSC_0.0.2_EDGE_UP_2.0_s03_Follow-up3mon
,GR_eWIkhIqGs6oYlHT,,SV_erMtMP4sWjBAMt0,FSC_0.0.2_EDGE_UP_2.0_s04_Follow-up9mon
,GR_eWIkhIqGs6oYlHT,,SV_cTk0L07qFyNmGAB,EDGE UP Interview Scheduling
,GR_eWIkhIqGs6oYlHT,,SV_cUZOfM3jtySg7KR,FAST 1.0 - Interview Invitation
,GR_eWIkhIqGs6oYlHT,,SV_1ML0wMj2WgJNXhz,FAST 1.0 - Interview Invitation 2
,GR_eWIkhIqGs6oYlHT,,SV_eDm6ZZLGY8OmI86,FAST 2.0 - Interview Invitation
,GR_eWIkhIqGs6oYlHT,,SV_0DIEg5VLVv8ZBcy,FSC_0.0.1_FAST_2.0_s01_Exit
,GR_eWIkhIqGs6oYlHT,,SV_bw8l9TugUDjg8xE,FSC_0.0.1_FAST_2.0_s02_Follow-Up
,GR_eWIkhIqGs6oYlHT,,SV_eQVcksQbpDYNy2a,FSC_0.0.1_FAST_2.0_s03_Follow-Up-9mon
,GR_eWIkhIqGs6oYlHT,,SV_87FQXCQVjasPB8F,FSC_0.0.1_FAST_s01_Exit
,GR_eWIkhIqGs6oYlHT,,SV_3OyVwUbFs4xOlRH,FSC_0.0.1_FAST_s02_Follow-Up
,GR_eWIkhIqGs6oYlHT,,SV_eCLiChYXtA76zfT,FSC_0.01_FAST_s03_Interview_Exit
,GR_eWIkhIqGs6oYlHT,,SV_cZRtog06ZpOxPp4,FSC_0.0.2_FAST_2.0_s01_Exit_CoF
,GR_eWIkhIqGs6oYlHT,,SV_24X0jLiWAwf7R2u,FSC_0.0.2_FAST_2.0_s02_Follow-Up_CoF
,GR_eWIkhIqGs6oYlHT,,SV_0HEqG6Mzu51uNnf,FSC_Flagship_s01_Baseline
,GR_eWIkhIqGs6oYlHT,,SV_9v1cQLYEdhzjpIN,FSC_Flagship_s01_Baseline_v02
,GR_eWIkhIqGs6oYlHT,,SV_56AFjOcM8EsYWBT,FSC_Flagship_s01_Panel_Baseline
,GR_eWIkhIqGs6oYlHT,,SV_6gx1vinyFwmPyXr,FSC_Flagship_s02_Follow-up-01
,GR_eWIkhIqGs6oYlHT,,SV_295piEIOEjjrQtn,FSC_I-ICT_s01_Mid-Training Survey Phase 1
,GR_eWIkhIqGs6oYlHT,,SV_3f0ZjMXkqYKSES1,FSC_I-ICT_s03_Mid-Training Survey Phase 2
,GR_eWIkhIqGs6oYlHT,,SV_eEi1hkLiYXApryB,FSC_0.0.1_I-ICT_s02_DemoEmployment
,GR_eWIkhIqGs6oYlHT,,SV_e2wiK6syuPwHTCd,FSC_0.0.1_I-ICT_s03_DemoEmploymentConsent
,GR_eWIkhIqGs6oYlHT,,SV_0lEHvipVlZpcNRs,FSC_0.0.1_Mohawk_s01_Intake
,GR_eWIkhIqGs6oYlHT,,SV_5zlKvWMsqvkxJTU,FSC_0.0.2_Mohawk_s01_Intake_Survey_COF
,GR_eWIkhIqGs6oYlHT,,SV_1G1xtdbMiVtxxXM,FSC_0.0.2_Mohawk_s02_Exit_Survey_COF
,GR_eWIkhIqGs6oYlHT,,SV_3QPviuVSNtHGXC6,FSC_0.0.2_Mohawk_s03_follow-up_3mon_COF
,GR_eWIkhIqGs6oYlHT,,SV_bjRdpeqe79XBtqu,FSC_0.01_Mohawk_s01_Exit
,GR_eWIkhIqGs6oYlHT,,SV_8prjHjqphy6zjFk,FSC_0.01_Mohawk_s01_Follow-Up-3mo
,GR_eWIkhIqGs6oYlHT,,SV_6l2efdecc6UgT8q,FSC_0.01_Mohawk_s02_Follow-Up-9mo
,GR_eWIkhIqGs6oYlHT,,SV_9LAdM1bjHTAkJuu,FSC_0.01_Mohawk_Secondary_Consent
,GR_eWIkhIqGs6oYlHT,,SV_56HhhUmoO3DPuHY,NPower Program Implementation Reflection Form
,GR_eWIkhIqGs6oYlHT,,SV_88QprUlFFbzrrsW,FSC_0.0.2_Pier_Labs_2.0_s01_Intake
,GR_eWIkhIqGs6oYlHT,,SV_9G1g1iVUoHtZSvQ,FSC_0.0.2_Pier_Labs_2.0_s01_Intake_Contact_info_box
,GR_eWIkhIqGs6oYlHT,,SV_0qWS3SdhzEAfweG,FSC_0.0.2_Pier_Labs_2.0_s02_Exit
,GR_eWIkhIqGs6oYlHT,,SV_bxPSx1xBlnrljsq,FSC_0.0.2_Pier_Labs_2.0_s03_3-month-follow-up
,GR_eWIkhIqGs6oYlHT,,SV_a3pk1mKTG2LiCdU,FSC_0.0.2_Pier_Labs_2.0_s03_9-month-follow-up
,GR_eWIkhIqGs6oYlHT,,SV_6MwkpenmNfLMwjI,Pier Labs - Advancement Coach Monthly Worksheet
,GR_eWIkhIqGs6oYlHT,,SV_cXScPAkSYT6E5bo,Pier Labs - Case Manager Monthly Worksheet
,GR_eWIkhIqGs6oYlHT,,SV_aWxGAHfVoaY0Hqu,Pier Labs - Pier labs Team Monthly Worksheet
,GR_eWIkhIqGs6oYlHT,,SV_8v0XOZV9jFnnvMy,Pier Labs - Technical Assistance Team Monthly Worksheet
,GR_eWIkhIqGs6oYlHT,,SV_8Id8KwzJaOUnsh0,Pier Labs - Technical Assistance Team Monthly Worksheet (Chris)
,GR_eWIkhIqGs6oYlHT,,SV_af8SxdkmGBJPPOC,Full Service Career Hubs Working Group - User Group Personas Survey
,GR_eWIkhIqGs6oYlHT,,SV_8JwiI2QG83wLYFg,FSC_s1_Truckers_Intake
,GR_eWIkhIqGs6oYlHT,,SV_80qj7uDcCaqk72t,FSC_0.0.1_UFCW-Digital-Skills_s00_Consent_Intake
,GR_eWIkhIqGs6oYlHT,,SV_2adzFGc25wASrYx,FSC_0.0.1_UFCW-Digital-Skills_s01_Feedback
,GR_eWIkhIqGs6oYlHT,,SV_8CSHVu9LzqeEoVn,FSC_0.0.1_UFCW-Digital-Skills_s02_Follow-up_6-Month
,GR_eWIkhIqGs6oYlHT,,SV_55xvmXTpBgNEuZn,FSC_0.0.1_UFCW-Digital-Skills_s03_Follow-up_12-Month
,GR_eWIkhIqGs6oYlHT,,SV_bmc6jb9FG4aOs3H,FSC_0.0.1_UFCW-Digital-Skills_s04_Follow-up_18-Month
,GR_eWIkhIqGs6oYlHT,,SV_1RmCost9WXClaPb,FSC_0.0.1_UFCW-Pre-Apprenticeship_s01_Intake
,GR_eWIkhIqGs6oYlHT,,SV_3pELB3t2MAfsTTD,FSC_0.0.1_UFCW-Pre-Apprenticeship_s02_Exit
,GR_eWIkhIqGs6oYlHT,,SV_cTnLjJGSEjlGV9P,FSC_0.0.1_UFCW-Pre-Apprenticeship_s03_Follow-Up
,GR_eWIkhIqGs6oYlHT,,SV_2a6gxohxVss3qYd,FSC_0.0.1_UFCW-Pre-Apprenticeship_s04_Follow-up_9-Month
,GR_eWIkhIqGs6oYlHT,,SV_0DtWrkT2T9oEIT3,FSC_UFCW_Sandbox
,GR_eWIkhIqGs6oYlHT,,SV_0JMy0KTecLQ5zOl,WBL_consent
,GR_eWIkhIqGs6oYlHT,,SV_cNo3IGTINAcou7b,WBL_consent_noq
,GR_eWIkhIqGs6oYlHT,,SV_5AtOqHxeBUateId,FSC_0.0.1_WBL_Monitor_s01_Exit
,GR_eWIkhIqGs6oYlHT,,SV_e3S6MM9UJzHFl9r,FSC_0.0.1_WBL_s01_Baseline
,GR_eWIkhIqGs6oYlHT,,SV_9zSPdtQgNzO4cQZ,FSC_0.0.1_WBL_s02_Follow-up
